hostel, dormitory	りょう
anxiety	しんぱい
to get angry	おこる
worry	ふあん
emberrassing, shy (ciki)	はずかしい
scary	こわり
sad	かなしい
happy, glad	うれしい
shelf	たな
to be seen	みえる
disorderly	めちゃめちゃ
weather report	てんいよほう
It's cold the whole week.	こんしゅうは ずっと さむいです。
I think it's a dog.	いぬだとおもいます。
I hope it's a dog.	いぬだといいです。
chance / opportunity	きかい	deck#4	due@2024-01-23 01:00:00
chance to speak	はなすきかい	deck#4	due@2024-01-23 01:00:00
I am not planning to learn this year. 2	ことし は べんきょうしない つもりです。 2	deck#4	due@2024-01-23 01:00:00
I am not planning to learn this year. 1	ことし は べんきょうする つもり は ありません。1	deck#4	due@2024-01-23 01:00:00
I have decided to learn a lot this year.	ことし は たくさん べんきょうする つもりです。	deck#4	due@2024-01-23 01:00:00
I want a dog.	わたし は いぬ が ほしいです。	deck#4	due@2024-01-23 01:00:00
I want to swim a lot this year.	ことしはたくさん およぎたいとおもいます。	deck#4	due@2024-01-23 01:00:00
I think the teacher is busy.	せんせいはいそがしいとおもいます。	deck#4	due@2024-01-23 01:00:00
to play a stringed / keyboard instrument	ひく	deck#5	due@2024-01-23 01:00:00
future (prospects, plans)	しょうらい	deck#5	due@2024-01-23 01:00:00
to know, to be aware of	しる	deck#6	due@2024-01-25 01:00:00
to wash face	かお お あらう	deck#6	due@2024-01-25 01:00:00
to dress up	ふく お きる	deck#6	due@2024-01-25 01:00:00
even more, further	もっと	deck#6	due@2024-01-25 01:00:00
lonely	さびしい	deck#6	due@2024-01-25 01:00:00
to teach, to tell	おしえる	deck#6	due@2024-01-25 01:00:00
to memorize, to learn	おぼれる	deck#6	due@2024-01-25 01:00:00
relativity theory	そうたいろん	deck#6	due@2024-01-25 01:00:00
quantum theory	りょうしろん	deck#5	due@2024-01-23 01:00:00
physics	ぶつり	deck#2	due@2024-01-23 01:00:00
short	みじかい	deck#6	due@2024-01-24 01:00:00
I'm looking forward to the trip.	りょこう が たのしみです。	deck#6	due@2024-01-24 01:00:00
Before the exam, let's go eat.	しけんの前にごはんを食べに行きましょう。	deck#7	due@2024-01-25 01:00:00
来ます、来て、来ない (こない)、来た	来る(ます、て、ない, た)	deck#7	due@2024-01-26 01:00:00
書きます、書いて、書かない, 書いた	書く(ます + て)	deck#5	due@2024-01-24 01:00:00
およぎます、およいで、およがない、およいだ	およぐ(ます + て)	deck#7	due@2024-01-25 01:00:00
話します、話して、話さない、話した	話す(ます + て)	deck#7	due@2024-01-25 01:00:00
買います、買って、買わない、買った	買う(ます + て)	deck#5	due@2024-01-24 01:00:00
まちます、まって、またない、まった	まつ(ます + て)	deck#7	due@2024-01-25 01:00:00
わかります、わかって、わからない、わかった	わかる(ます + て)	deck#7	due@2024-01-26 01:00:00
飲みます、飲んで、飲まない、飲んだ	飲む(ます + て)	deck#7	due@2024-01-25 01:00:00
読みます、読んで、読まない、読んだ	読む(ます + て)	deck#7	due@2024-01-25 01:00:00
あそびます、あそんで、あそばない、あそんだ	あそぶ(ます + て)	deck#7	due@2024-01-26 01:00:00
しにます、しんで、しなない、しんだ	しぬ(ます + て)	deck#5	due@2024-01-24 01:00:00
ねます、ねて、ねない、ねた	ねる(ます + て)	deck#6	due@2024-01-23 01:00:00
おきます、おきて、おきない、おきた	おきる(ます + て)	deck#6	due@2024-01-23 01:00:00
します、して、しない、した	する(ます + て)	deck#7	due@2024-01-25 01:00:00
Before I return to Hungary, I eat.	ハンガリーにかえる前にごはんを食べます。	deck#7	due@2024-01-24 01:00:00
After I return home, I am going to eat.	うちにかえった後でごはんを食べます。	deck#7	due@2024-01-24 01:00:00
After the exam, let's go eat.	しけんの後でごはんを食べに行きましょう。	deck#7	due@2024-01-24 01:00:00
Yes, but I don't know how many.	はい あります けど いくつ か わかりません。	deck#8	due@2024-01-26 01:00:00
free, not busy, idle	ひまな	deck#8	due@2024-01-26 01:00:00
to come to an end	おわる	deck#3	due@2024-01-23 01:00:00
physical exercise	たいそう	deck#8	due@2024-01-26 01:00:00
to get tired	つかれる、つかれている	deck#7	due@2024-01-24 01:00:00
I got this belt from my brother.	このﾍﾞﾙﾄを兄にもらいました。	deck#9	due@2024-01-28 01:00:00
Noone gave me a present.	だれもﾌﾟﾚｾﾞﾝﾄをくれませんでした。	deck#9	due@2024-01-28 01:00:00
I give present to my family every year.	毎年 かぞくに ﾌﾟﾚゼﾝﾄをあげます。	deck#9	due@2024-01-28 01:00:00
I choose the white one.	白いにします。	deck#9	due@2024-01-26 01:00:00
What would you like? / What do you choose?	何にしますか。	deck#9	due@2024-01-26 01:00:00
It's a present, so please wrap it.	プレセントなので、つつんでください。	deck#9	due@2024-01-26 01:00:00
to pack, to wrap	つつむ	deck#9	due@2024-01-26 01:00:00
oneself	じぶん	deck#9	due@2024-01-27 01:00:00
early, soon, quickly, rapidly	はやく	deck#9	due@2024-01-26 01:00:00
slowly	おそく	deck#4	due@2024-01-23 01:00:00
to die	なくなる	deck#9	due@2024-01-27 01:00:00
to become, to get, to grow	なる	deck#9	due@2024-01-27 01:00:00
to hurt, to cause pain	いためる	deck#9	due@2024-01-26 01:00:00
to cook	りょうりする	deck#11	due@2024-02-01 01:00:00
nevertheless	しかしなから	deck#11	due@2024-02-01 01:00:00
to finish	しまう	deck#11	due@2024-01-29 01:00:00
all members	ぜんいん	deck#11	due@2024-01-29 01:00:00
I was shocked how good he sang.	とくに うた が じょうず で、びっくりしました。	deck#11	due@2024-01-29 01:00:00
I left the map at home, that's why I got lost a bit.	ちずを わすれて、ちょっと まよいました。	deck#11	due@2024-01-29 01:00:00
I got lost, that's why I'm late.	みちに まよってしまって、 おくれました。	deck#11	due@2024-01-29 01:00:00
My younger brother ate my chocklate.	おとうと が わたし の チョコレートを たべてしまいました。	deck#11	due@2024-01-29 01:00:00
I will write the report till tomorrow.	あしたまでに レポートを かいてしまいます。	deck#11	due@2024-01-29 01:00:00
I finished that book in two days.	そのほん を ふつか で よんでしまいました。	deck#11	due@2024-01-29 01:00:00
Both the guitar and the singing were really good.	ギターもうたも、 どちらも すごくよかったです。	deck#11	due@2024-01-29 01:00:00
I'm sure there will be something good tomorrow.	あした いいこと が あるでしょう。 / あるだろう。	deck#11	due@2024-01-29 01:00:00
The concert starts at 7, I'm sure we will make it in time.	ライブ は 7じからですから、まだ まにあうでしょう。	deck#11	due@2024-01-29 01:00:00
hard, tough	たいへん	deck#9	due@2024-01-27 01:00:00
the curry made by me	わたしがつくったカレー	deck#12	due@2024-02-20 01:00:00
man wearing jeans	ジーンズをはいているひと	deck#12	due@2024-02-20 01:00:00
man with nice eyes	めがきれいなひと	deck#12	due@2024-02-20 01:00:00
tall man	せがたかいひと	deck#12	due@2024-02-20 01:00:00
It is Janos who is tall and wearing glasses.	ヤーノシュさんは、 せがたかくて、 めがねをかけているひとです。	deck#12	due@2024-02-20 01:00:00
I like nice and funny people.	やさしくておもしろいひとがすきです。	deck#12	due@2024-02-20 01:00:00
What kind of people do you like?	どんあひとがすきですか。	deck#12	due@2024-02-20 01:00:00
I'm learning japanese in school.	がっこうでにほんごのべんきょうをしています。	deck#12	due@2024-02-20 01:00:00
Tanaka wears glasses.	たなかさんはめがねをかけています。	deck#12	due@2024-02-20 01:00:00
Balazs is wearing a blue shirt.	バラージュさんはあおいシャツをきています。	deck#12	due@2024-02-20 01:00:00
I'm talking on the phone (at the moment).	でんわではなしています。	deck#12	due@2024-02-20 01:00:00
What are you doing at the moment?	いま、 なにおしていますか。	deck#12	due@2024-02-20 01:00:00
Are you going to do laundry today?	きょうせんたくおしますか。	deck#12	due@2024-02-20 01:00:00
I do all sorts of chores.	いろいろなかじおします。	deck#12	due@2024-02-20 01:00:00
chores	かじ	deck#12	due@2024-02-20 01:00:00
unfortunately	あいにく	deck#4	due@2024-01-23 01:00:00
I have a headache and I also feel bad.	あたまがいたくて、 きぶんもわるいんです。	deck#12	due@2024-02-16 01:00:00
feeling, mood	きぶん	deck#11	due@2024-01-29 01:00:00
painful, sore	いたい	deck#12	due@2024-02-16 01:00:00
What happened?	どうしたんですか。	deck#11	due@2024-02-05 01:00:00
to take (photograph)	とる, 撮る	deck#8	due@2024-01-27 01:00:00
Do not take photographs here.	ここで しゃしん を とらないでください。	deck#12	due@2024-02-16 01:00:00
It would be better if the present isn't a flower.	プレセント は はなじゃない ほうが いいです。	deck#12	due@2024-02-16 01:00:00
It would be better if the present wouldn't be expensive.	おみやげは たかくない ほうが いいです。	deck#12	due@2024-02-16 01:00:00
It would be better if you wouldn't go to the bath today.	きょうは おふろに はいらない ほうが いいです。	deck#12	due@2024-02-16 01:00:00
You had better go to the hospital.	びょいんに いった ほうが いいです。	deck#12	due@2024-02-16 01:00:00
to put, to place	おく	deck#12	due@2024-02-16 01:00:00
maybe	かもしれません、 かもしれない	deck#12	due@2024-02-14 01:00:00
dirty	きたない	deck#12	due@2024-02-14 01:00:00
at that time	そのころ	deck#12	due@2024-02-14 01:00:00
At that time it might still be a bit cold.	そのころは、 まだ ちょっと さむい かもしれません。 / かもしれない。	deck#12	due@2024-02-14 01:00:00
Try to read this book.	このほん を よんでみてください。	deck#12	due@2024-02-14 01:00:00
I try the B menu.	わたし は Bランチ を たべてみます。	deck#12	due@2024-02-14 01:00:00
to push, to press	おす	deck#12	due@2024-02-14 01:00:00
to insert, to put in	いれる	deck#11	due@2024-01-27 01:00:00
After you insert the coin press this button.	ここに おかね を いれてから、 この ボタン を おしてください。	deck#12	due@2024-02-14 01:00:00
to wait	まつ	deck#12	due@2024-02-14 01:00:00
Wait a bit.	ちょっとまってください。	deck#12	due@2024-02-14 01:00:00
Which sport do you like the most?	スポーツ (のなか) でなにがいちばん すきですか。	deck#12	due@2024-02-14 01:00:00
From curry, ramen and sushi which do you like the most?	カレーとラーメンとすし でどれがいちばん すきですか。	deck#12	due@2024-02-14 01:00:00
The canteen is the cheapest.	がくしょく が いちばん やすいです。	deck#12	due@2024-02-14 01:00:00
Have to eat.	たべな ければ ならない。	deck#12	due@2024-02-14 01:00:00
olden days	むかし	deck#12	due@2024-02-14 01:00:00
strict	きびしい	deck#12	due@2024-02-14 01:00:00
same, identical 2	いっしょ	deck#12	due@2024-02-14 01:00:00
gorgeous dinner, feast	ごちそう、 ご馳走	deck#12	due@2024-02-14 01:00:00
Only rarely meets with the children.	ときどき しか こども と あいません。	deck#12	due@2024-02-14 01:00:00
to freeze	こおる、凍る	deck#12	due@2024-02-14 01:00:00
pond	いけ、 池	deck#12	due@2024-02-14 01:00:00
lake	みずうみ、湖	deck#12	due@2024-02-14 01:00:00
duck	かも、 鴨	deck#12	due@2024-02-14 01:00:00
Which one is better: school canteen or restaurant.	がくしょく と レストラン と どちら (のほう) が いいですか。	deck#12	due@2024-02-16 01:00:00
school canteen	がくしょく, 学食	deck#12	due@2024-02-14 01:00:00
The school canteen is better and cheaper than the restaurant.	レストラン より がくしょく のほうが やすくていいです。	deck#12	due@2024-02-14 01:00:00
It was a bit cold so few were there.	少しさむくて、人が少なかったです。	deck#12	due@2024-02-14 01:00:00
few, a little, scarce	少ない、 すくない	deck#12	due@2024-02-14 01:00:00
Famous and nice mountain.	ゆうめいで きれいな山です。	deck#12	due@2024-02-14 01:00:00
to stop / to refrain	やめる	deck#2	due@2024-01-23 01:00:00
to smoke	たばこ お すう	deck#12	due@2024-02-12 01:00:00
to catch cold	かぜ お ひく	deck#12	due@2024-02-12 01:00:00
since 10 years ago	10ねん まえ から	deck#12	due@2024-02-12 01:00:00
Should I go with you to Budapest?	ブダペストに いっしょに いきましょうか。	deck#12	due@2024-02-12 01:00:00
I want to go to Budapest, but...	ブダペストに いきたいんですが。。。	deck#12	due@2024-02-12 01:00:00
to ascend, to go up	のぼる / 上る	deck#8	due@2024-01-24 01:00:00
I don't want to climb a high mountin.	たかい やまに のぼりたくないです。	deck#12	due@2024-02-12 01:00:00
I would like to rest a bit.	少し休みたいです。	deck#12	due@2024-02-12 01:00:00
This book is not funny at all.	この ほん は ぜんぜん おもしろくない です。	deck#12	due@2024-02-12 01:00:00
It's not very good.	あまり よくない です。	deck#12	due@2024-02-12 01:00:00
Not very pretty.	あまり きれいじゃ ありません。	deck#12	due@2024-02-12 01:00:00
not good	よくない	deck#12	due@2024-02-12 01:00:00
It's not nice.	きれいじゃないです。 きれいではありません。	deck#12	due@2024-02-12 01:00:00
It's not expensive.	たかくないです。 たかくありません。	deck#12	due@2024-02-12 01:00:00
How is Kyoto?	きょうとは どんな まちですか。	deck#12	due@2024-02-12 01:00:00
Is it far from here?	ここから とおいですか。	deck#12	due@2024-02-12 01:00:00
I don't drink coffee.	ぜんぜん コーヒーを のみません。	deck#12	due@2024-02-09 01:00:00
I eat vegetable but I don't eat meat.	やさいは たべますが、 にくは たべません。	deck#12	due@2024-02-09 01:00:00
Why?	どうして。 / どうしてですか。	deck#12	due@2024-02-09 01:00:00
I'm not playing tenis because I don't have time.	じかんが ありませんから、テニスを しません。	deck#12	due@2024-02-09 01:00:00
Japanese people love practice.	にほんじんは れんしゅうが すきです。	deck#12	due@2024-02-09 01:00:00
Let's go.	いきましょう。	deck#12	due@2024-02-09 01:00:00
Shall we go together?	いっしょに いきませんか。	deck#12	due@2024-02-09 01:00:00
I go to watch a movie.	えいがを みに いきます。	deck#12	due@2024-02-09 01:00:00
I was reading a book in the library.	としょうかんで ほんを よみました。	deck#12	due@2024-02-09 01:00:00
There are 2 of this class weekly.	この クラスは しゅうに 2かい/2ど あります。	deck#12	due@2024-02-09 01:00:00
It takes about 14 hours.	14じかん ぐらいです。	deck#12	due@2024-02-09 01:00:00
How long does it take to get to Tokyo from Budapest?	ブダペストから とうきょうまで どのぐらいですか。	deck#12	due@2024-02-09 01:00:00
I went to the library at 9.	9じに としょかんに いきました。	deck#12	due@2024-02-09 01:00:00
The test is on Thursday.	もくようびに テストが あります。	deck#12	due@2024-02-09 01:00:00
When is the test?	いつ テストが ありますか。	deck#12	due@2024-02-09 01:00:00
What day is the test on?	なんようびに テストが ありますか。	deck#12	due@2024-02-14 01:00:00
When is your birthday? (month, day)	たんじょうびは なんがつ なんにち ですか。	deck#12	due@2024-02-09 01:00:00
I'm talking with my friend.	ともだちと はなしています。	deck#12	due@2024-02-09 01:00:00
I'm living with my family.	わたしのかぞくと すんでいます。	deck#12	due@2024-02-09 01:00:00
I'm going with train.	でんしゃで いきます。	deck#12	due@2024-02-09 01:00:00
What are you going with?	なにで いきますか。	deck#12	due@2024-02-09 01:00:00
Where are you going? (until)	どこまで いきますか。	deck#12	due@2024-02-09 01:00:00
Where did you come from?	どこから きましたか。	deck#12	due@2024-02-09 01:00:00
I'm going home.	いえに かえります。	deck#12	due@2024-02-09 01:00:00
What kind of cake is this?	これ は なんの ケーキですか。	deck#12	due@2024-02-09 01:00:00
What day is it today?	きょう は なんようび ですか。	deck#12	due@2024-02-09 01:00:00
The station is 100metres away from home.	うちから えきまで 100メートルです。	deck#12	due@2024-02-09 01:00:00
The supermarket is open from 9 till 5.	スーパーは9じから 5じまで です。	deck#12	due@2024-02-09 01:00:00
It's 6:20 now.	いま 6じ 20ぷん です。	deck#12	due@2024-02-09 01:00:00
What's the time?	なんじ ですか。	deck#12	due@2024-02-09 01:00:00
Three flowers from this please.	この はな を さんぼん ください。	deck#12	due@2024-02-09 01:00:00
between	あいだ	deck#12	due@2024-02-07 01:00:00
neighbour	となり	deck#12	due@2024-02-07 01:00:00
on the side	よこ	deck#12	due@2024-02-09 01:00:00
next to	そば	deck#8	due@2024-01-25 01:00:00
behind	うしろ	deck#6	due@2024-01-24 01:00:00
before	まえ	deck#12	due@2024-02-07 01:00:00
under	した	deck#12	due@2024-02-07 01:00:00
over	うえ	deck#12	due@2024-02-07 01:00:00
noone	だれも	deck#12	due@2024-02-07 01:00:00
someone	だれか	deck#12	due@2024-02-07 01:00:00
nothing	なにも	deck#12	due@2024-02-07 01:00:00
something	なにか	deck#12	due@2024-02-07 01:00:00
nowhere	どこも	deck#12	due@2024-02-07 01:00:00
somewhere	どこか	deck#12	due@2024-02-07 01:00:00
Whose?	だれの ですか。	deck#12	due@2024-02-07 01:00:00
Who?	だれ ですか。	deck#12	due@2024-02-07 01:00:00
Where?	どこ ですか。	deck#12	due@2024-02-07 01:00:00
Which?	どれ ですか。	deck#12	due@2024-02-12 01:00:00
a	ア	deck#12	due@2024-02-07 01:00:00
i	イ	deck#12	due@2024-02-07 01:00:00
u	ウ	deck#12	due@2024-02-07 01:00:00
e	エ	deck#12	due@2024-02-07 01:00:00
o	オ	deck#12	due@2024-02-07 01:00:00
ka	カ	deck#12	due@2024-02-07 01:00:00
ki	キ	deck#12	due@2024-02-07 01:00:00
ku	ク	deck#12	due@2024-02-07 01:00:00
ke	ケ	deck#12	due@2024-02-07 01:00:00
ko	コ	deck#12	due@2024-02-07 01:00:00
sa	サ	deck#12	due@2024-02-07 01:00:00
shi	シ	deck#12	due@2024-02-07 01:00:00
su	ス	deck#12	due@2024-02-07 01:00:00
se	セ	deck#12	due@2024-02-07 01:00:00
so	ソ	deck#12	due@2024-02-07 01:00:00
ta	タ	deck#12	due@2024-02-07 01:00:00
chi	チ	deck#12	due@2024-02-07 01:00:00
tsu	ツ	deck#12	due@2024-02-07 01:00:00
te	テ	deck#12	due@2024-02-07 01:00:00
to	ト	deck#12	due@2024-02-07 01:00:00
na	ナ	deck#12	due@2024-02-07 01:00:00
ni	ニ	deck#12	due@2024-02-07 01:00:00
nu	ヌ	deck#8	due@2024-01-27 01:00:00
ne	ネ	deck#12	due@2024-02-07 01:00:00
no	ノ	deck#12	due@2024-02-20 01:00:00
ha	ハ	deck#12	due@2024-02-07 01:00:00
hi	ヒ	deck#12	due@2024-02-07 01:00:00
fu	フ	deck#12	due@2024-02-07 01:00:00
he	ヘ	deck#12	due@2024-02-07 01:00:00
ho	ホ	deck#12	due@2024-02-09 01:00:00
ma	マ	deck#12	due@2024-02-07 01:00:00
mi	ミ	deck#12	due@2024-02-07 01:00:00
mu	ム	deck#12	due@2024-02-07 01:00:00
me	メ	deck#12	due@2024-02-09 01:00:00
mo	モ	deck#12	due@2024-02-07 01:00:00
ya	ヤ	deck#12	due@2024-02-07 01:00:00
yu	ユ	deck#12	due@2024-02-07 01:00:00
yo	ヨ	deck#12	due@2024-02-07 01:00:00
ra	ラ	deck#12	due@2024-02-07 01:00:00
ri	リ	deck#12	due@2024-02-07 01:00:00
ru	ル	deck#12	due@2024-02-07 01:00:00
re	レ	deck#12	due@2024-02-07 01:00:00
ro	ロ	deck#12	due@2024-02-07 01:00:00
wa	ワ	deck#12	due@2024-02-07 01:00:00
wo	ヲ	deck#6	due@2024-01-25 01:00:00
n	ン	deck#12	due@2024-02-07 01:00:00
Yon can't use the computer.	コンピューター を つかってはいけません。	deck#12	due@2024-02-07 01:00:00
Yon can use the computer.	コンピューター を つかってもいいです。	deck#12	due@2024-02-07 01:00:00
Can I use the computer?	コンピューター を つかってもいいですか。	deck#12	due@2024-02-07 01:00:00
to make noise	さわぐ	deck#12	due@2024-02-07 01:00:00
vegetable	やさい	deck#9	due@2024-01-28 01:00:00
fruit	くだもの	deck#12	due@2024-02-07 01:00:00
to sell	うる	deck#8	due@2024-01-25 01:00:00
grape	ぶどう	deck#12	due@2024-02-07 01:00:00
plant	しょくぶつ	deck#12	due@2024-02-07 01:00:00
to work	はたらく	deck#12	due@2024-02-07 01:00:00
three years left	あと さんねん です	deck#12	due@2024-02-07 01:00:00
sibling	きょうだい	deck#12	due@2024-02-02 01:00:00
other's kids	おこさん	deck#12	due@2024-01-26 01:00:00
my kids	こども	deck#12	due@2024-01-26 01:00:00
to hand over	わたす	deck#11	due@2024-01-27 01:00:00
how many	いくつ	deck#12	due@2024-01-26 01:00:00
to leave (for someone's caring)	あずける	deck#12	due@2024-01-26 01:00:00
luggage	にもつ	deck#12	due@2024-01-26 01:00:00
to pay	はらう	deck#12	due@2024-01-26 01:00:00
timetable, schedule	じこくひょう	deck#12	due@2024-01-26 01:00:00
receive	もらう	deck#9	due@2024-01-24 01:00:00
receive from above	いただく	deck#12	due@2024-01-27 01:00:00
give downwards	くれる、くださる	deck#12	due@2024-01-27 01:00:00
give upwards	さし、 あげる	deck#11	due@2024-01-24 01:00:00
other, different	ほか	deck#8	due@2024-01-24 01:00:00
to hurry, to rush	いそぐ	deck#12	due@2024-01-26 01:00:00
operation (of machine), driving	うんてん	deck#12	due@2024-01-26 01:00:00
to get on	のる	deck#12	due@2024-02-17 01:00:00
anything	なにでも	deck#12	due@2024-01-26 01:00:00
to be troubled	こまる	deck#7	due@2024-01-25 01:00:00
foreign country	がいこく	deck#12	due@2024-01-26 01:00:00
to go in, to enter, to arrive	はいる	deck#12	due@2024-01-26 01:00:00
to stop (sth)	とめる	deck#12	due@2024-02-17 01:00:00
to stop (moving)	とまる	deck#12	due@2024-02-17 01:00:00
to use	つかう	deck#12	due@2024-01-26 01:00:00
strange	へん	deck#13	due@2024-03-22 01:00:00
to think about, to contemplate	かんがえる	deck#2	due@2024-01-23 01:00:00
word, phrase	ことば	deck#13	due@2024-03-22 01:00:00
for example	たとえば	deck#10	due@2024-01-27 01:00:00
to open	あける	deck#12	due@2024-01-26 01:00:00
illness	びょうき	deck#13	due@2024-03-22 01:00:00
I rarely eat.	めったに しか たべません	deck#13	due@2024-03-22 01:00:00
I only eat apples.	りんご だけ お たべます	deck#13	due@2024-03-22 01:00:00
I only eat apples.	りんご しか お たべません	deck#13	due@2024-03-22 01:00:00
when the cold comes	さむさ が くるとき	deck#13	due@2024-03-22 01:00:00
to wear on (one's head)	かぶる	deck#2	due@2024-01-23 01:00:00
to put on (glasses, necklace)	かける	deck#9	due@2024-01-27 01:00:00
to wear (from shoulders down)	きる	deck#13	due@2024-03-15 01:00:00
to wear (lower body clothing)	はく	deck#12	due@2024-01-26 01:00:00
plum	うめ	deck#13	due@2024-03-06 01:00:00
next year	らいねん	deck#13	due@2024-03-06 01:00:00
last year	きょねん	deck#13	due@2024-03-06 01:00:00
this year	ことし	deck#12	due@2024-02-12 01:00:00
normal, ordinary	ふつう	deck#12	due@2024-01-29 01:00:00
first of all	まず	deck#12	due@2024-01-29 01:00:00
sleepy	ねむい	deck#12	due@2024-01-29 01:00:00
separate, different	べつ	deck#2	due@2024-01-23 01:00:00
question (on a test), problem	もんだい	deck#12	due@2024-01-26 01:00:00
to help	てつだう	deck#12	due@2024-01-29 01:00:00
I know japanese.	にほんご が できます。	deck#13	due@2024-03-15 01:00:00
to be able to	できる	deck#13	due@2024-03-15 01:00:00
to be in time	まにあう	deck#13	due@2024-03-14 01:00:00
to get lost	まよう	deck#13	due@2024-03-15 01:00:00
hot spring	おんせん	deck#13	due@2024-03-06 01:00:00
winter	ふゆ	deck#13	due@2024-03-15 01:00:00
snowy	ゆき	deck#9	due@2024-01-28 01:00:00
this night	こんばん	deck#13	due@2024-03-08 01:00:00
cloudy	くもり	deck#13	due@2024-03-06 01:00:00
fall	あき	deck#13	due@2024-03-06 01:00:00
firework	はなび	deck#13	due@2024-03-06 01:00:00
day	ひ, 日	deck#13	due@2024-03-06 01:00:00
sunny, clear weather	はれ	deck#13	due@2024-03-06 01:00:00
summer	なつ	deck#13	due@2024-03-06 01:00:00
warm	あたたかい	deck#13	due@2024-03-06 01:00:00
weather	てんき	deck#13	due@2024-03-06 01:00:00
spring	はる	deck#13	due@2024-03-08 01:00:00
both	どちらも	deck#13	due@2024-03-06 01:00:00
to get up	おきる	deck#12	due@2024-02-09 01:00:00
to be late	おくれる	deck#12	due@2024-02-04 01:00:00
hot	あつい	deck#12	due@2024-01-31 01:00:00
thank you for hard work	おつかれさま	deck#12	due@2024-01-31 01:00:00
to forget	わすれる	deck#12	due@2024-02-02 01:00:00
exactly, seriously	ちゃんと	deck#12	due@2024-02-16 01:00:00
medicine	くすり	deck#13	due@2024-03-06 01:00:00
parents	ごりょうしん	deck#12	due@2024-01-26 01:00:00
ambulance	きゅうきゅうしゃ	deck#12	due@2024-01-31 01:00:00
police	けいさつ	deck#12	due@2024-01-26 01:00:00
hospital	びょういん	deck#12	due@2024-01-31 01:00:00
OK	だいじょうぶ	deck#13	due@2024-03-15 01:00:00
I'm feeling sick	ぐあい が わるい です	deck#12	due@2024-01-31 01:00:00
dangerous	あぶない	deck#12	due@2024-01-31 01:00:00
to sit	すわる	deck#6	due@2024-01-24 01:00:00
I think I will eat.	たべる と おもいます	deck#12	due@2024-01-31 01:00:00
skillful, delicious	うまい	deck#12	due@2024-01-31 01:00:00
especially	とくに	deck#12	due@2024-01-29 01:00:00
again	また	deck#12	due@2024-01-31 01:00:00
thank you	どうも	deck#12	due@2024-01-26 01:00:00
to think	おもう	deck#12	due@2024-01-31 01:00:00
eating	たべる こと	deck#12	due@2024-01-26 01:00:00
connection, relation	かんけい	deck#13	due@2024-03-15 01:00:00
after	あと	deck#12	due@2024-01-31 01:00:00
souvenir	おみやげ	deck#12	due@2024-01-31 01:00:00
snack, treat	おかし	deck#12	due@2024-01-31 01:00:00
shrine	じんじゃ	deck#13	due@2024-03-08 01:00:00
a lot	いっぱい	deck#13	due@2024-03-08 01:00:00
temple	おてら	deck#13	due@2024-03-11 01:00:00
building	たてもの	deck#13	due@2024-03-11 01:00:00
really, truly	ほんとうに	deck#13	due@2024-03-06 01:00:00
place, area	ところ	deck#13	due@2024-03-06 01:00:00
pretty, clean	きれい (な)	deck#13	due@2024-03-06 01:00:00
city	とし	deck#13	due@2024-03-08 01:00:00
town	まち	deck#13	due@2024-03-08 01:00:00
natural	しぜんあ	deck#13	due@2024-03-06 01:00:00
habit, custom	しゅうかん	deck#12	due@2024-02-04 01:00:00
nature	しぜん	deck#13	due@2024-03-06 01:00:00
fever, heat	ねつ	deck#13	due@2024-03-06 01:00:00
punishment	ばつ	deck#13	due@2024-03-06 01:00:00
to start	はじまる、 はじめる	deck#13	due@2024-03-06 01:00:00
useless, broken	だめ	deck#13	due@2024-03-06 01:00:00
wife (others)	おくさん	deck#13	due@2024-03-06 01:00:00
rarely	めったに	deck#13	due@2024-03-06 01:00:00
long	ながい	deck#13	due@2024-03-15 01:00:00
final station	しゅうてん	deck#13	due@2024-03-09 01:00:00
how much (about)	どのぐらい	deck#12	due@2024-01-29 01:00:00
it takes	かかります	deck#13	due@2024-03-06 01:00:00
to discover, to find	みつける	deck#13	due@2024-03-08 01:00:00
to send	おくる	deck#12	due@2024-01-26 01:00:00
photo	しゃしん	deck#12	due@2024-01-26 01:00:00
by the way	ところで	deck#12	due@2024-01-26 01:00:00
enjoyable, fun	たのしい	deck#12	due@2024-01-26 01:00:00
but, however, although	けど	deck#12	due@2024-01-26 01:00:00
to be taught, to take lessons in	ならう	deck#12	due@2024-02-09 01:00:00
cold	さむい	deck#12	due@2024-01-26 01:00:00
park	こうえん	deck#12	due@2024-01-26 01:00:00
soon, almost	もうすぐ	deck#12	due@2024-01-26 01:00:00
next	つぎ	deck#12	due@2024-01-26 01:00:00
What should I do?	どうしたらいいでしょう	deck#13	due@2024-03-11 01:00:00
he, him	かれ	deck#13	due@2024-03-22 01:00:00
eye	め	deck#13	due@2024-03-22 01:00:00
glasses	めがね	deck#13	due@2024-03-22 01:00:00
back	せ	deck#13	due@2024-03-22 01:00:00
tall person	せがたかい	deck#13	due@2024-03-22 01:00:00
and then, after that	それから	deck#13	due@2024-03-22 01:00:00
skillful, proficient	じょうず	deck#12	due@2024-01-26 01:00:00
moreover, besides, in addition	ほかに、 それに	deck#8	due@2024-01-23 01:00:00
kind, gentle	しんせつ	deck#9	due@2024-01-28 01:00:00
called	という	deck#13	due@2024-03-06 01:00:00
discussion	そうだん	deck#12	due@2024-01-26 01:00:00
truth, reality	じつ	deck#12	due@2024-01-26 01:00:00
I'm shocked	びっくりします	deck#13	due@2024-03-06 01:00:00
same, identical	おなじ	deck#12	due@2024-01-26 01:00:00
continuously, the whole time	ずっと	deck#13	due@2024-03-09 01:00:00
exam	しけん	deck#12	due@2024-01-26 01:00:00
recently	さいきん	deck#13	due@2024-03-10 01:00:00
answer, reply	へんじ	deck#13	due@2024-03-06 01:00:00
wonderful	すばらしい	deck#12	due@2024-01-31 01:00:00
boyfriend	かれし	deck#13	due@2024-03-18 01:00:00
washing machine	せんたくき	deck#12	due@2024-02-04 01:00:00
this week	こんしゅう	deck#13	due@2024-03-06 01:00:00
when	いつ	deck#13	due@2024-03-06 01:00:00
fridge	れいぞうこ	deck#13	due@2024-03-06 01:00:00
desk	つくえ	deck#13	due@2024-03-18 01:00:00
microwave	でんしれんじ	deck#12	due@2024-01-26 01:00:00
chair	いす	deck#12	due@2024-02-07 01:00:00
vacum cleaner	そうじき	deck#13	due@2024-03-10 01:00:00
bookshelf	ほんだな	deck#13	due@2024-03-06 01:00:00
bright	あかるい	deck#12	due@2024-01-26 01:00:00
from	しゅっしん	deck#11	due@2024-01-24 01:00:00
to live	すんでいます、すむ	deck#12	due@2024-01-26 01:00:00
still	まだ	deck#12	due@2024-01-26 01:00:00
to move (koltozni)	ひっこします	deck#13	due@2024-03-11 01:00:00
china	ちゅうごく	deck#12	due@2024-01-26 01:00:00
truth, actuality	ほんとう	deck#12	due@2024-02-14 01:00:00
korean	かんこく	deck#12	due@2024-01-26 01:00:00
romance, love	れんない	deck#13	due@2024-03-08 01:00:00
light, illumination, glow	明かり	deck#12	due@2024-01-26 01:00:00
what kind of	どんな	deck#12	due@2024-01-26 01:00:00
to run	はしる	deck#12	due@2024-01-26 01:00:00
to take(shower)	あびる	deck#11	due@2024-01-24 01:00:00
to sleep	ねる	deck#12	due@2024-01-26 01:00:00
next week	らいしゅう	deck#13	due@2024-03-18 01:00:00
make	つくる	deck#12	due@2024-01-31 01:00:00
around(time)	ごろ	deck#13	due@2024-03-18 01:00:00
every week	まいしゅう	deck#13	due@2024-03-22 01:00:00
always	いつも	deck#13	due@2024-03-08 01:00:00
newspaper	しんぶん	deck#12	due@2024-01-26 01:00:00
to lend	かす	deck#5	due@2024-01-23 01:00:00
to borrow	かりる	deck#12	due@2024-01-26 01:00:00
go on foot	あるいて行きます	deck#12	due@2024-01-26 01:00:00
birthday	たんじょうび	deck#12	due@2024-01-27 01:00:00
to dance	おどる	deck#12	due@2024-02-02 01:00:00
to sing	うたう	deck#12	due@2024-01-26 01:00:00
to save, to rescue	たすける	deck#12	due@2024-01-26 01:00:00
sea, ocean	うみ	deck#13	due@2024-03-22 01:00:00
ticket gate	かいさつ	deck#13	due@2024-03-06 01:00:00
exit	でぐち	deck#13	due@2024-03-06 01:00:00
vendingd machine	じはんき	deck#13	due@2024-03-09 01:00:00
stairs	かいだん	deck#12	due@2024-01-26 01:00:00
2nd floor	にかい	deck#13	due@2024-03-06 01:00:00
phone	でんわ	deck#13	due@2024-03-22 01:00:00
outlet	こんせんと	deck#13	due@2024-03-22 01:00:00
elevator	えれべえたあ	deck#13	due@2024-03-22 01:00:00
underground	ちか	deck#12	due@2024-01-26 01:00:00
restroom	おてあらい	deck#13	due@2024-03-22 01:00:00
transfer	のりかえ	deck#12	due@2024-01-26 01:00:00
trashcan	ごみばこ	deck#12	due@2024-01-26 01:00:00
first floor	いっかい	deck#13	due@2024-03-06 01:00:00
to clean	そうじおします	deck#13	due@2024-03-08 01:00:00
to fish	つる	deck#12	due@2024-02-02 01:00:00
hat	ぼうし	deck#13	due@2024-03-22 01:00:00
ship	ふね	deck#12	due@2024-01-26 01:00:00
airplane	ひこうき	deck#12	due@2024-01-31 01:00:00
many	おおい	deck#12	due@2024-02-12 01:00:00
useful, convenient	べんり	deck#13	due@2024-03-18 01:00:00
simple, easy	かんたん	deck#12	due@2024-01-26 01:00:00
near, close (adjective)	ちかい	deck#12	due@2024-01-26 01:00:00
neighbourhood	ちかく	deck#12	due@2024-01-31 01:00:00
far, distant	とおい	deck#12	due@2024-01-26 01:00:00
narrow, cramped	せまい	deck#13	due@2024-03-22 01:00:00
spacious	ひろい	deck#13	due@2024-03-08 01:00:00
weak, delicate	よわい	deck#12	due@2024-01-26 01:00:00
strong	つよい	deck#13	due@2024-03-22 01:00:00
slow, time consuming	おそい	deck#12	due@2024-02-04 01:00:00
early, fast, quick	はやい	deck#13	due@2024-03-22 01:00:00
mouse	ねずみ	deck#13	due@2024-03-22 01:00:00
to have sth	もって いる	deck#12	due@2024-01-26 01:00:00
to bring	もって きます	deck#13	due@2024-03-06 01:00:00
to take, to carry	もつ	deck#13	due@2024-03-22 01:00:00
video	どうが	deck#13	due@2024-03-11 01:00:00
to write	かく		due@2024-01-22 01:00:00
boring	つまらない	deck#13	due@2024-03-06 01:00:00
to speak	はなす	deck#12	due@2024-01-26 01:00:00
to go out	でかける	deck#12	due@2024-01-26 01:00:00
to buy	かう	deck#12	due@2024-01-26 01:00:00
to hang out	あそぶ	deck#12	due@2024-01-26 01:00:00
weekend	しゅうまつ	deck#13	due@2024-03-06 01:00:00
by my/her/himself	ひとりで	deck#13	due@2024-03-22 01:00:00
to swim	およぐ	deck#13	due@2024-03-06 01:00:00
to do	やる	deck#13	due@2024-03-06 01:00:00
textbook	きょうかしょ	deck#13	due@2024-03-11 01:00:00
question	しつもん	deck#13	due@2024-03-06 01:00:00
mouth	くち	deck#13	due@2024-03-22 01:00:00
shellfish	かい	deck#13	due@2024-03-22 01:00:00
new	あたらしい	deck#13	due@2024-03-22 01:00:00
old	ふるい	deck#13	due@2024-03-22 01:00:00
a bit	すこし	deck#13	due@2024-03-22 01:00:00
black tea	こうちゃ	deck#13	due@2024-03-06 01:00:00
rice ball	おにぎり	deck#13	due@2024-03-22 01:00:00
three	みっつ	deck#13	due@2024-03-18 01:00:00
four	よっつ	deck#13	due@2024-03-22 01:00:00
two	ふたつ	deck#13	due@2024-03-22 01:00:00
one	ひとつ	deck#13	due@2024-03-22 01:00:00
meal set	ていしょく	deck#13	due@2024-03-06 01:00:00
lively	にぎやか (な)	deck#12	due@2024-01-26 01:00:00
map	ちず	deck#13	due@2024-03-22 01:00:00
subway	ちかてつ	deck#13	due@2024-03-22 01:00:00
ticket	きっぷ	deck#12	due@2024-01-26 01:00:00
listen	きく	deck#12	due@2024-02-16 01:00:00
music	おんがく	deck#12	due@2024-01-26 01:00:00
baseball	やきゅう	deck#13	due@2024-03-22 01:00:00
difficult	むずかしい	deck#12	due@2024-01-26 01:00:00
quiet	しずか (な)	deck#13	due@2024-03-06 01:00:00
noisy	うるさい	deck#13	due@2024-03-22 01:00:00
famous	ゆうめい (な)	deck#12	due@2024-01-26 01:00:00
cool	かっこいい	deck#13	due@2024-03-22 01:00:00
funny	おもしろい	deck#12	due@2024-01-26 01:00:00
busy	いそがしい	deck#13	due@2024-03-22 01:00:00
doctor	いしゃ	deck#13	due@2024-03-22 01:00:00
nurse	かんごし	deck#12	due@2024-01-26 01:00:00
nice	やさしい	deck#12	due@2024-01-26 01:00:00
cheerful	あかるい	deck#12	due@2024-01-26 01:00:00
smart	あたまがいい	deck#12	due@2024-01-26 01:00:00
my wife	つま	deck#13	due@2024-03-06 01:00:00
daughter	むすめ	deck#12	due@2024-01-26 01:00:00
husband	おっと	deck#13	due@2024-03-22 01:00:00
lawyer	べんごし	deck#11	due@2024-02-05 01:00:00
fashionable	おしゃれ	deck#12	due@2024-01-26 01:00:00
son	むすこ	deck#13	due@2024-03-06 01:00:00
wallet	さいふ	deck#12	due@2024-01-26 01:00:00
clothes	ふく	deck#12	due@2024-02-02 01:00:00
uncool, hideous, lame	ださい	deck#13	due@2024-03-18 01:00:00
white	しろい	deck#13	due@2024-03-18 01:00:00
shoes	くつ	deck#12	due@2024-02-02 01:00:00
nice, lovely	すてき (な)	deck#11	due@2024-01-24 01:00:00
cheap	やすい	deck#12	due@2024-01-31 01:00:00
how much	いくら	deck#12	due@2024-02-02 01:00:00
black	くろい	deck#13	due@2024-03-06 01:00:00
tall, expensive	たかい	deck#12	due@2024-01-26 01:00:00
#--decks immediate,1d1,1d2,1d3,2d,3d,4d,5d,6d,1w,2w,monthly,2m,4m
#--intervals 0,1440,1440,1440,2880,4320,5760,7200,8640,10080,20160,43200,86400,172800
#--returntofirst
#--columns column#1,column#2
#--showcolumns column#2
#--showcolumns column#1
